index,name,label,label_name,feature_path
2,normal_003,0,normal,/dataset/data/CLAM_0402/patch_features/ps512/conch_v1_5/eval_dataset_tmp/cm16/train/normal_003.pt
3,normal_004,0,normal,/dataset/data/CLAM_0402/patch_features/ps512/conch_v1_5/eval_dataset_tmp/cm16/train/normal_004.pt
4,normal_005,0,normal,/dataset/data/CLAM_0402/patch_features/ps512/conch_v1_5/eval_dataset_tmp/cm16/train/normal_005.pt
5,normal_006,0,normal,/dataset/data/CLAM_0402/patch_features/ps512/conch_v1_5/eval_dataset_tmp/cm16/train/normal_006.pt
6,normal_007,0,normal,/dataset/data/CLAM_0402/patch_features/ps512/conch_v1_5/eval_dataset_tmp/cm16/train/normal_007.pt
7,normal_008,0,normal,/dataset/data/CLAM_0402/patch_features/ps512/conch_v1_5/eval_dataset_tmp/cm16/train/normal_008.pt
9,normal_010,0,normal,/dataset/data/CLAM_0402/patch_features/ps512/conch_v1_5/eval_dataset_tmp/cm16/train/normal_010.pt
11,normal_012,0,normal,/dataset/data/CLAM_0402/patch_features/ps512/conch_v1_5/eval_dataset_tmp/cm16/train/normal_012.pt
12,normal_013,0,normal,/dataset/data/CLAM_0402/patch_features/ps512/conch_v1_5/eval_dataset_tmp/cm16/train/normal_013.pt
13,normal_014,0,normal,/dataset/data/CLAM_0402/patch_features/ps512/conch_v1_5/eval_dataset_tmp/cm16/train/normal_014.pt
14,normal_015,0,normal,/dataset/data/CLAM_0402/patch_features/ps512/conch_v1_5/eval_dataset_tmp/cm16/train/normal_015.pt
15,normal_016,0,normal,/dataset/data/CLAM_0402/patch_features/ps512/conch_v1_5/eval_dataset_tmp/cm16/train/normal_016.pt
16,normal_017,0,normal,/dataset/data/CLAM_0402/patch_features/ps512/conch_v1_5/eval_dataset_tmp/cm16/train/normal_017.pt
18,normal_019,0,normal,/dataset/data/CLAM_0402/patch_features/ps512/conch_v1_5/eval_dataset_tmp/cm16/train/normal_019.pt
19,normal_020,0,normal,/dataset/data/CLAM_0402/patch_features/ps512/conch_v1_5/eval_dataset_tmp/cm16/train/normal_020.pt
20,normal_021,0,normal,/dataset/data/CLAM_0402/patch_features/ps512/conch_v1_5/eval_dataset_tmp/cm16/train/normal_021.pt
22,normal_023,0,normal,/dataset/data/CLAM_0402/patch_features/ps512/conch_v1_5/eval_dataset_tmp/cm16/train/normal_023.pt
24,normal_025,0,normal,/dataset/data/CLAM_0402/patch_features/ps512/conch_v1_5/eval_dataset_tmp/cm16/train/normal_025.pt
25,normal_026,0,normal,/dataset/data/CLAM_0402/patch_features/ps512/conch_v1_5/eval_dataset_tmp/cm16/train/normal_026.pt
27,normal_028,0,normal,/dataset/data/CLAM_0402/patch_features/ps512/conch_v1_5/eval_dataset_tmp/cm16/train/normal_028.pt
28,normal_029,0,normal,/dataset/data/CLAM_0402/patch_features/ps512/conch_v1_5/eval_dataset_tmp/cm16/train/normal_029.pt
29,normal_030,0,normal,/dataset/data/CLAM_0402/patch_features/ps512/conch_v1_5/eval_dataset_tmp/cm16/train/normal_030.pt
30,normal_031,0,normal,/dataset/data/CLAM_0402/patch_features/ps512/conch_v1_5/eval_dataset_tmp/cm16/train/normal_031.pt
31,normal_032,0,normal,/dataset/data/CLAM_0402/patch_features/ps512/conch_v1_5/eval_dataset_tmp/cm16/train/normal_032.pt
33,normal_034,0,normal,/dataset/data/CLAM_0402/patch_features/ps512/conch_v1_5/eval_dataset_tmp/cm16/train/normal_034.pt
35,normal_036,0,normal,/dataset/data/CLAM_0402/patch_features/ps512/conch_v1_5/eval_dataset_tmp/cm16/train/normal_036.pt
36,normal_037,0,normal,/dataset/data/CLAM_0402/patch_features/ps512/conch_v1_5/eval_dataset_tmp/cm16/train/normal_037.pt
37,normal_038,0,normal,/dataset/data/CLAM_0402/patch_features/ps512/conch_v1_5/eval_dataset_tmp/cm16/train/normal_038.pt
38,normal_039,0,normal,/dataset/data/CLAM_0402/patch_features/ps512/conch_v1_5/eval_dataset_tmp/cm16/train/normal_039.pt
39,normal_040,0,normal,/dataset/data/CLAM_0402/patch_features/ps512/conch_v1_5/eval_dataset_tmp/cm16/train/normal_040.pt
40,normal_041,0,normal,/dataset/data/CLAM_0402/patch_features/ps512/conch_v1_5/eval_dataset_tmp/cm16/train/normal_041.pt
41,normal_042,0,normal,/dataset/data/CLAM_0402/patch_features/ps512/conch_v1_5/eval_dataset_tmp/cm16/train/normal_042.pt
42,normal_043,0,normal,/dataset/data/CLAM_0402/patch_features/ps512/conch_v1_5/eval_dataset_tmp/cm16/train/normal_043.pt
44,normal_045,0,normal,/dataset/data/CLAM_0402/patch_features/ps512/conch_v1_5/eval_dataset_tmp/cm16/train/normal_045.pt
45,normal_046,0,normal,/dataset/data/CLAM_0402/patch_features/ps512/conch_v1_5/eval_dataset_tmp/cm16/train/normal_046.pt
46,normal_047,0,normal,/dataset/data/CLAM_0402/patch_features/ps512/conch_v1_5/eval_dataset_tmp/cm16/train/normal_047.pt
48,normal_049,0,normal,/dataset/data/CLAM_0402/patch_features/ps512/conch_v1_5/eval_dataset_tmp/cm16/train/normal_049.pt
49,normal_050,0,normal,/dataset/data/CLAM_0402/patch_features/ps512/conch_v1_5/eval_dataset_tmp/cm16/train/normal_050.pt
50,normal_051,0,normal,/dataset/data/CLAM_0402/patch_features/ps512/conch_v1_5/eval_dataset_tmp/cm16/train/normal_051.pt
51,normal_052,0,normal,/dataset/data/CLAM_0402/patch_features/ps512/conch_v1_5/eval_dataset_tmp/cm16/train/normal_052.pt
52,normal_053,0,normal,/dataset/data/CLAM_0402/patch_features/ps512/conch_v1_5/eval_dataset_tmp/cm16/train/normal_053.pt
53,normal_054,0,normal,/dataset/data/CLAM_0402/patch_features/ps512/conch_v1_5/eval_dataset_tmp/cm16/train/normal_054.pt
54,normal_055,0,normal,/dataset/data/CLAM_0402/patch_features/ps512/conch_v1_5/eval_dataset_tmp/cm16/train/normal_055.pt
55,normal_056,0,normal,/dataset/data/CLAM_0402/patch_features/ps512/conch_v1_5/eval_dataset_tmp/cm16/train/normal_056.pt
56,normal_057,0,normal,/dataset/data/CLAM_0402/patch_features/ps512/conch_v1_5/eval_dataset_tmp/cm16/train/normal_057.pt
57,normal_058,0,normal,/dataset/data/CLAM_0402/patch_features/ps512/conch_v1_5/eval_dataset_tmp/cm16/train/normal_058.pt
58,normal_059,0,normal,/dataset/data/CLAM_0402/patch_features/ps512/conch_v1_5/eval_dataset_tmp/cm16/train/normal_059.pt
59,normal_060,0,normal,/dataset/data/CLAM_0402/patch_features/ps512/conch_v1_5/eval_dataset_tmp/cm16/train/normal_060.pt
60,normal_061,0,normal,/dataset/data/CLAM_0402/patch_features/ps512/conch_v1_5/eval_dataset_tmp/cm16/train/normal_061.pt
61,normal_062,0,normal,/dataset/data/CLAM_0402/patch_features/ps512/conch_v1_5/eval_dataset_tmp/cm16/train/normal_062.pt
62,normal_063,0,normal,/dataset/data/CLAM_0402/patch_features/ps512/conch_v1_5/eval_dataset_tmp/cm16/train/normal_063.pt
63,normal_064,0,normal,/dataset/data/CLAM_0402/patch_features/ps512/conch_v1_5/eval_dataset_tmp/cm16/train/normal_064.pt
64,normal_065,0,normal,/dataset/data/CLAM_0402/patch_features/ps512/conch_v1_5/eval_dataset_tmp/cm16/train/normal_065.pt
65,normal_066,0,normal,/dataset/data/CLAM_0402/patch_features/ps512/conch_v1_5/eval_dataset_tmp/cm16/train/normal_066.pt
66,normal_067,0,normal,/dataset/data/CLAM_0402/patch_features/ps512/conch_v1_5/eval_dataset_tmp/cm16/train/normal_067.pt
67,normal_068,0,normal,/dataset/data/CLAM_0402/patch_features/ps512/conch_v1_5/eval_dataset_tmp/cm16/train/normal_068.pt
68,normal_069,0,normal,/dataset/data/CLAM_0402/patch_features/ps512/conch_v1_5/eval_dataset_tmp/cm16/train/normal_069.pt
69,normal_070,0,normal,/dataset/data/CLAM_0402/patch_features/ps512/conch_v1_5/eval_dataset_tmp/cm16/train/normal_070.pt
70,normal_071,0,normal,/dataset/data/CLAM_0402/patch_features/ps512/conch_v1_5/eval_dataset_tmp/cm16/train/normal_071.pt
71,normal_072,0,normal,/dataset/data/CLAM_0402/patch_features/ps512/conch_v1_5/eval_dataset_tmp/cm16/train/normal_072.pt
73,normal_074,0,normal,/dataset/data/CLAM_0402/patch_features/ps512/conch_v1_5/eval_dataset_tmp/cm16/train/normal_074.pt
74,normal_075,0,normal,/dataset/data/CLAM_0402/patch_features/ps512/conch_v1_5/eval_dataset_tmp/cm16/train/normal_075.pt
75,normal_076,0,normal,/dataset/data/CLAM_0402/patch_features/ps512/conch_v1_5/eval_dataset_tmp/cm16/train/normal_076.pt
77,normal_078,0,normal,/dataset/data/CLAM_0402/patch_features/ps512/conch_v1_5/eval_dataset_tmp/cm16/train/normal_078.pt
78,normal_079,0,normal,/dataset/data/CLAM_0402/patch_features/ps512/conch_v1_5/eval_dataset_tmp/cm16/train/normal_079.pt
79,normal_080,0,normal,/dataset/data/CLAM_0402/patch_features/ps512/conch_v1_5/eval_dataset_tmp/cm16/train/normal_080.pt
80,normal_081,0,normal,/dataset/data/CLAM_0402/patch_features/ps512/conch_v1_5/eval_dataset_tmp/cm16/train/normal_081.pt
81,normal_082,0,normal,/dataset/data/CLAM_0402/patch_features/ps512/conch_v1_5/eval_dataset_tmp/cm16/train/normal_082.pt
82,normal_083,0,normal,/dataset/data/CLAM_0402/patch_features/ps512/conch_v1_5/eval_dataset_tmp/cm16/train/normal_083.pt
83,normal_084,0,normal,/dataset/data/CLAM_0402/patch_features/ps512/conch_v1_5/eval_dataset_tmp/cm16/train/normal_084.pt
84,normal_085,0,normal,/dataset/data/CLAM_0402/patch_features/ps512/conch_v1_5/eval_dataset_tmp/cm16/train/normal_085.pt
90,normal_092,0,normal,/dataset/data/CLAM_0402/patch_features/ps512/conch_v1_5/eval_dataset_tmp/cm16/train/normal_092.pt
91,normal_093,0,normal,/dataset/data/CLAM_0402/patch_features/ps512/conch_v1_5/eval_dataset_tmp/cm16/train/normal_093.pt
92,normal_094,0,normal,/dataset/data/CLAM_0402/patch_features/ps512/conch_v1_5/eval_dataset_tmp/cm16/train/normal_094.pt
93,normal_095,0,normal,/dataset/data/CLAM_0402/patch_features/ps512/conch_v1_5/eval_dataset_tmp/cm16/train/normal_095.pt
94,normal_096,0,normal,/dataset/data/CLAM_0402/patch_features/ps512/conch_v1_5/eval_dataset_tmp/cm16/train/normal_096.pt
95,normal_097,0,normal,/dataset/data/CLAM_0402/patch_features/ps512/conch_v1_5/eval_dataset_tmp/cm16/train/normal_097.pt
96,normal_098,0,normal,/dataset/data/CLAM_0402/patch_features/ps512/conch_v1_5/eval_dataset_tmp/cm16/train/normal_098.pt
98,normal_100,0,normal,/dataset/data/CLAM_0402/patch_features/ps512/conch_v1_5/eval_dataset_tmp/cm16/train/normal_100.pt
99,normal_101,0,normal,/dataset/data/CLAM_0402/patch_features/ps512/conch_v1_5/eval_dataset_tmp/cm16/train/normal_101.pt
100,normal_102,0,normal,/dataset/data/CLAM_0402/patch_features/ps512/conch_v1_5/eval_dataset_tmp/cm16/train/normal_102.pt
101,normal_103,0,normal,/dataset/data/CLAM_0402/patch_features/ps512/conch_v1_5/eval_dataset_tmp/cm16/train/normal_103.pt
103,normal_105,0,normal,/dataset/data/CLAM_0402/patch_features/ps512/conch_v1_5/eval_dataset_tmp/cm16/train/normal_105.pt
104,normal_106,0,normal,/dataset/data/CLAM_0402/patch_features/ps512/conch_v1_5/eval_dataset_tmp/cm16/train/normal_106.pt
105,normal_107,0,normal,/dataset/data/CLAM_0402/patch_features/ps512/conch_v1_5/eval_dataset_tmp/cm16/train/normal_107.pt
106,normal_108,0,normal,/dataset/data/CLAM_0402/patch_features/ps512/conch_v1_5/eval_dataset_tmp/cm16/train/normal_108.pt
109,normal_111,0,normal,/dataset/data/CLAM_0402/patch_features/ps512/conch_v1_5/eval_dataset_tmp/cm16/train/normal_111.pt
111,normal_113,0,normal,/dataset/data/CLAM_0402/patch_features/ps512/conch_v1_5/eval_dataset_tmp/cm16/train/normal_113.pt
112,normal_114,0,normal,/dataset/data/CLAM_0402/patch_features/ps512/conch_v1_5/eval_dataset_tmp/cm16/train/normal_114.pt
113,normal_115,0,normal,/dataset/data/CLAM_0402/patch_features/ps512/conch_v1_5/eval_dataset_tmp/cm16/train/normal_115.pt
114,normal_116,0,normal,/dataset/data/CLAM_0402/patch_features/ps512/conch_v1_5/eval_dataset_tmp/cm16/train/normal_116.pt
115,normal_117,0,normal,/dataset/data/CLAM_0402/patch_features/ps512/conch_v1_5/eval_dataset_tmp/cm16/train/normal_117.pt
116,normal_118,0,normal,/dataset/data/CLAM_0402/patch_features/ps512/conch_v1_5/eval_dataset_tmp/cm16/train/normal_118.pt
117,normal_119,0,normal,/dataset/data/CLAM_0402/patch_features/ps512/conch_v1_5/eval_dataset_tmp/cm16/train/normal_119.pt
118,normal_120,0,normal,/dataset/data/CLAM_0402/patch_features/ps512/conch_v1_5/eval_dataset_tmp/cm16/train/normal_120.pt
119,normal_121,0,normal,/dataset/data/CLAM_0402/patch_features/ps512/conch_v1_5/eval_dataset_tmp/cm16/train/normal_121.pt
121,normal_123,0,normal,/dataset/data/CLAM_0402/patch_features/ps512/conch_v1_5/eval_dataset_tmp/cm16/train/normal_123.pt
122,normal_124,0,normal,/dataset/data/CLAM_0402/patch_features/ps512/conch_v1_5/eval_dataset_tmp/cm16/train/normal_124.pt
124,normal_126,0,normal,/dataset/data/CLAM_0402/patch_features/ps512/conch_v1_5/eval_dataset_tmp/cm16/train/normal_126.pt
125,normal_127,0,normal,/dataset/data/CLAM_0402/patch_features/ps512/conch_v1_5/eval_dataset_tmp/cm16/train/normal_127.pt
126,normal_128,0,normal,/dataset/data/CLAM_0402/patch_features/ps512/conch_v1_5/eval_dataset_tmp/cm16/train/normal_128.pt
129,normal_131,0,normal,/dataset/data/CLAM_0402/patch_features/ps512/conch_v1_5/eval_dataset_tmp/cm16/train/normal_131.pt
131,normal_133,0,normal,/dataset/data/CLAM_0402/patch_features/ps512/conch_v1_5/eval_dataset_tmp/cm16/train/normal_133.pt
133,normal_135,0,normal,/dataset/data/CLAM_0402/patch_features/ps512/conch_v1_5/eval_dataset_tmp/cm16/train/normal_135.pt
135,normal_137,0,normal,/dataset/data/CLAM_0402/patch_features/ps512/conch_v1_5/eval_dataset_tmp/cm16/train/normal_137.pt
136,normal_138,0,normal,/dataset/data/CLAM_0402/patch_features/ps512/conch_v1_5/eval_dataset_tmp/cm16/train/normal_138.pt
137,normal_139,0,normal,/dataset/data/CLAM_0402/patch_features/ps512/conch_v1_5/eval_dataset_tmp/cm16/train/normal_139.pt
138,normal_140,0,normal,/dataset/data/CLAM_0402/patch_features/ps512/conch_v1_5/eval_dataset_tmp/cm16/train/normal_140.pt
139,normal_141,0,normal,/dataset/data/CLAM_0402/patch_features/ps512/conch_v1_5/eval_dataset_tmp/cm16/train/normal_141.pt
140,normal_142,0,normal,/dataset/data/CLAM_0402/patch_features/ps512/conch_v1_5/eval_dataset_tmp/cm16/train/normal_142.pt
141,normal_143,0,normal,/dataset/data/CLAM_0402/patch_features/ps512/conch_v1_5/eval_dataset_tmp/cm16/train/normal_143.pt
142,normal_144,0,normal,/dataset/data/CLAM_0402/patch_features/ps512/conch_v1_5/eval_dataset_tmp/cm16/train/normal_144.pt
143,normal_145,0,normal,/dataset/data/CLAM_0402/patch_features/ps512/conch_v1_5/eval_dataset_tmp/cm16/train/normal_145.pt
144,normal_146,0,normal,/dataset/data/CLAM_0402/patch_features/ps512/conch_v1_5/eval_dataset_tmp/cm16/train/normal_146.pt
146,normal_148,0,normal,/dataset/data/CLAM_0402/patch_features/ps512/conch_v1_5/eval_dataset_tmp/cm16/train/normal_148.pt
148,normal_150,0,normal,/dataset/data/CLAM_0402/patch_features/ps512/conch_v1_5/eval_dataset_tmp/cm16/train/normal_150.pt
150,normal_152,0,normal,/dataset/data/CLAM_0402/patch_features/ps512/conch_v1_5/eval_dataset_tmp/cm16/train/normal_152.pt
151,normal_153,0,normal,/dataset/data/CLAM_0402/patch_features/ps512/conch_v1_5/eval_dataset_tmp/cm16/train/normal_153.pt
152,normal_154,0,normal,/dataset/data/CLAM_0402/patch_features/ps512/conch_v1_5/eval_dataset_tmp/cm16/train/normal_154.pt
154,normal_156,0,normal,/dataset/data/CLAM_0402/patch_features/ps512/conch_v1_5/eval_dataset_tmp/cm16/train/normal_156.pt
156,normal_158,0,normal,/dataset/data/CLAM_0402/patch_features/ps512/conch_v1_5/eval_dataset_tmp/cm16/train/normal_158.pt
157,normal_159,0,normal,/dataset/data/CLAM_0402/patch_features/ps512/conch_v1_5/eval_dataset_tmp/cm16/train/normal_159.pt
159,tumor_001,1,tumor,/dataset/data/CLAM_0402/patch_features/ps512/conch_v1_5/eval_dataset_tmp/cm16/train/tumor_001.pt
161,tumor_003,1,tumor,/dataset/data/CLAM_0402/patch_features/ps512/conch_v1_5/eval_dataset_tmp/cm16/train/tumor_003.pt
162,tumor_004,1,tumor,/dataset/data/CLAM_0402/patch_features/ps512/conch_v1_5/eval_dataset_tmp/cm16/train/tumor_004.pt
163,tumor_005,1,tumor,/dataset/data/CLAM_0402/patch_features/ps512/conch_v1_5/eval_dataset_tmp/cm16/train/tumor_005.pt
164,tumor_006,1,tumor,/dataset/data/CLAM_0402/patch_features/ps512/conch_v1_5/eval_dataset_tmp/cm16/train/tumor_006.pt
165,tumor_007,1,tumor,/dataset/data/CLAM_0402/patch_features/ps512/conch_v1_5/eval_dataset_tmp/cm16/train/tumor_007.pt
166,tumor_008,1,tumor,/dataset/data/CLAM_0402/patch_features/ps512/conch_v1_5/eval_dataset_tmp/cm16/train/tumor_008.pt
167,tumor_009,1,tumor,/dataset/data/CLAM_0402/patch_features/ps512/conch_v1_5/eval_dataset_tmp/cm16/train/tumor_009.pt
168,tumor_010,1,tumor,/dataset/data/CLAM_0402/patch_features/ps512/conch_v1_5/eval_dataset_tmp/cm16/train/tumor_010.pt
170,tumor_012,1,tumor,/dataset/data/CLAM_0402/patch_features/ps512/conch_v1_5/eval_dataset_tmp/cm16/train/tumor_012.pt
171,tumor_013,1,tumor,/dataset/data/CLAM_0402/patch_features/ps512/conch_v1_5/eval_dataset_tmp/cm16/train/tumor_013.pt
172,tumor_014,1,tumor,/dataset/data/CLAM_0402/patch_features/ps512/conch_v1_5/eval_dataset_tmp/cm16/train/tumor_014.pt
173,tumor_015,1,tumor,/dataset/data/CLAM_0402/patch_features/ps512/conch_v1_5/eval_dataset_tmp/cm16/train/tumor_015.pt
174,tumor_016,1,tumor,/dataset/data/CLAM_0402/patch_features/ps512/conch_v1_5/eval_dataset_tmp/cm16/train/tumor_016.pt
175,tumor_017,1,tumor,/dataset/data/CLAM_0402/patch_features/ps512/conch_v1_5/eval_dataset_tmp/cm16/train/tumor_017.pt
178,tumor_020,1,tumor,/dataset/data/CLAM_0402/patch_features/ps512/conch_v1_5/eval_dataset_tmp/cm16/train/tumor_020.pt
180,tumor_022,1,tumor,/dataset/data/CLAM_0402/patch_features/ps512/conch_v1_5/eval_dataset_tmp/cm16/train/tumor_022.pt
181,tumor_023,1,tumor,/dataset/data/CLAM_0402/patch_features/ps512/conch_v1_5/eval_dataset_tmp/cm16/train/tumor_023.pt
183,tumor_025,1,tumor,/dataset/data/CLAM_0402/patch_features/ps512/conch_v1_5/eval_dataset_tmp/cm16/train/tumor_025.pt
184,tumor_026,1,tumor,/dataset/data/CLAM_0402/patch_features/ps512/conch_v1_5/eval_dataset_tmp/cm16/train/tumor_026.pt
185,tumor_027,1,tumor,/dataset/data/CLAM_0402/patch_features/ps512/conch_v1_5/eval_dataset_tmp/cm16/train/tumor_027.pt
186,tumor_028,1,tumor,/dataset/data/CLAM_0402/patch_features/ps512/conch_v1_5/eval_dataset_tmp/cm16/train/tumor_028.pt
187,tumor_029,1,tumor,/dataset/data/CLAM_0402/patch_features/ps512/conch_v1_5/eval_dataset_tmp/cm16/train/tumor_029.pt
188,tumor_030,1,tumor,/dataset/data/CLAM_0402/patch_features/ps512/conch_v1_5/eval_dataset_tmp/cm16/train/tumor_030.pt
189,tumor_031,1,tumor,/dataset/data/CLAM_0402/patch_features/ps512/conch_v1_5/eval_dataset_tmp/cm16/train/tumor_031.pt
191,tumor_033,1,tumor,/dataset/data/CLAM_0402/patch_features/ps512/conch_v1_5/eval_dataset_tmp/cm16/train/tumor_033.pt
192,tumor_034,1,tumor,/dataset/data/CLAM_0402/patch_features/ps512/conch_v1_5/eval_dataset_tmp/cm16/train/tumor_034.pt
193,tumor_035,1,tumor,/dataset/data/CLAM_0402/patch_features/ps512/conch_v1_5/eval_dataset_tmp/cm16/train/tumor_035.pt
194,tumor_036,1,tumor,/dataset/data/CLAM_0402/patch_features/ps512/conch_v1_5/eval_dataset_tmp/cm16/train/tumor_036.pt
196,tumor_038,1,tumor,/dataset/data/CLAM_0402/patch_features/ps512/conch_v1_5/eval_dataset_tmp/cm16/train/tumor_038.pt
197,tumor_039,1,tumor,/dataset/data/CLAM_0402/patch_features/ps512/conch_v1_5/eval_dataset_tmp/cm16/train/tumor_039.pt
198,tumor_040,1,tumor,/dataset/data/CLAM_0402/patch_features/ps512/conch_v1_5/eval_dataset_tmp/cm16/train/tumor_040.pt
200,tumor_042,1,tumor,/dataset/data/CLAM_0402/patch_features/ps512/conch_v1_5/eval_dataset_tmp/cm16/train/tumor_042.pt
201,tumor_043,1,tumor,/dataset/data/CLAM_0402/patch_features/ps512/conch_v1_5/eval_dataset_tmp/cm16/train/tumor_043.pt
202,tumor_044,1,tumor,/dataset/data/CLAM_0402/patch_features/ps512/conch_v1_5/eval_dataset_tmp/cm16/train/tumor_044.pt
203,tumor_045,1,tumor,/dataset/data/CLAM_0402/patch_features/ps512/conch_v1_5/eval_dataset_tmp/cm16/train/tumor_045.pt
204,tumor_046,1,tumor,/dataset/data/CLAM_0402/patch_features/ps512/conch_v1_5/eval_dataset_tmp/cm16/train/tumor_046.pt
205,tumor_047,1,tumor,/dataset/data/CLAM_0402/patch_features/ps512/conch_v1_5/eval_dataset_tmp/cm16/train/tumor_047.pt
206,tumor_048,1,tumor,/dataset/data/CLAM_0402/patch_features/ps512/conch_v1_5/eval_dataset_tmp/cm16/train/tumor_048.pt
207,tumor_049,1,tumor,/dataset/data/CLAM_0402/patch_features/ps512/conch_v1_5/eval_dataset_tmp/cm16/train/tumor_049.pt
208,tumor_050,1,tumor,/dataset/data/CLAM_0402/patch_features/ps512/conch_v1_5/eval_dataset_tmp/cm16/train/tumor_050.pt
209,tumor_051,1,tumor,/dataset/data/CLAM_0402/patch_features/ps512/conch_v1_5/eval_dataset_tmp/cm16/train/tumor_051.pt
210,tumor_052,1,tumor,/dataset/data/CLAM_0402/patch_features/ps512/conch_v1_5/eval_dataset_tmp/cm16/train/tumor_052.pt
211,tumor_053,1,tumor,/dataset/data/CLAM_0402/patch_features/ps512/conch_v1_5/eval_dataset_tmp/cm16/train/tumor_053.pt
212,tumor_054,1,tumor,/dataset/data/CLAM_0402/patch_features/ps512/conch_v1_5/eval_dataset_tmp/cm16/train/tumor_054.pt
214,tumor_056,1,tumor,/dataset/data/CLAM_0402/patch_features/ps512/conch_v1_5/eval_dataset_tmp/cm16/train/tumor_056.pt
215,tumor_057,1,tumor,/dataset/data/CLAM_0402/patch_features/ps512/conch_v1_5/eval_dataset_tmp/cm16/train/tumor_057.pt
216,tumor_058,1,tumor,/dataset/data/CLAM_0402/patch_features/ps512/conch_v1_5/eval_dataset_tmp/cm16/train/tumor_058.pt
218,tumor_060,1,tumor,/dataset/data/CLAM_0402/patch_features/ps512/conch_v1_5/eval_dataset_tmp/cm16/train/tumor_060.pt
221,tumor_063,1,tumor,/dataset/data/CLAM_0402/patch_features/ps512/conch_v1_5/eval_dataset_tmp/cm16/train/tumor_063.pt
222,tumor_064,1,tumor,/dataset/data/CLAM_0402/patch_features/ps512/conch_v1_5/eval_dataset_tmp/cm16/train/tumor_064.pt
223,tumor_065,1,tumor,/dataset/data/CLAM_0402/patch_features/ps512/conch_v1_5/eval_dataset_tmp/cm16/train/tumor_065.pt
224,tumor_066,1,tumor,/dataset/data/CLAM_0402/patch_features/ps512/conch_v1_5/eval_dataset_tmp/cm16/train/tumor_066.pt
225,tumor_067,1,tumor,/dataset/data/CLAM_0402/patch_features/ps512/conch_v1_5/eval_dataset_tmp/cm16/train/tumor_067.pt
226,tumor_068,1,tumor,/dataset/data/CLAM_0402/patch_features/ps512/conch_v1_5/eval_dataset_tmp/cm16/train/tumor_068.pt
228,tumor_070,1,tumor,/dataset/data/CLAM_0402/patch_features/ps512/conch_v1_5/eval_dataset_tmp/cm16/train/tumor_070.pt
230,tumor_072,1,tumor,/dataset/data/CLAM_0402/patch_features/ps512/conch_v1_5/eval_dataset_tmp/cm16/train/tumor_072.pt
231,tumor_073,1,tumor,/dataset/data/CLAM_0402/patch_features/ps512/conch_v1_5/eval_dataset_tmp/cm16/train/tumor_073.pt
232,tumor_074,1,tumor,/dataset/data/CLAM_0402/patch_features/ps512/conch_v1_5/eval_dataset_tmp/cm16/train/tumor_074.pt
233,tumor_075,1,tumor,/dataset/data/CLAM_0402/patch_features/ps512/conch_v1_5/eval_dataset_tmp/cm16/train/tumor_075.pt
234,tumor_076,1,tumor,/dataset/data/CLAM_0402/patch_features/ps512/conch_v1_5/eval_dataset_tmp/cm16/train/tumor_076.pt
235,tumor_077,1,tumor,/dataset/data/CLAM_0402/patch_features/ps512/conch_v1_5/eval_dataset_tmp/cm16/train/tumor_077.pt
236,tumor_078,1,tumor,/dataset/data/CLAM_0402/patch_features/ps512/conch_v1_5/eval_dataset_tmp/cm16/train/tumor_078.pt
239,tumor_081,1,tumor,/dataset/data/CLAM_0402/patch_features/ps512/conch_v1_5/eval_dataset_tmp/cm16/train/tumor_081.pt
240,tumor_082,1,tumor,/dataset/data/CLAM_0402/patch_features/ps512/conch_v1_5/eval_dataset_tmp/cm16/train/tumor_082.pt
241,tumor_083,1,tumor,/dataset/data/CLAM_0402/patch_features/ps512/conch_v1_5/eval_dataset_tmp/cm16/train/tumor_083.pt
242,tumor_084,1,tumor,/dataset/data/CLAM_0402/patch_features/ps512/conch_v1_5/eval_dataset_tmp/cm16/train/tumor_084.pt
244,tumor_086,1,tumor,/dataset/data/CLAM_0402/patch_features/ps512/conch_v1_5/eval_dataset_tmp/cm16/train/tumor_086.pt
245,tumor_087,1,tumor,/dataset/data/CLAM_0402/patch_features/ps512/conch_v1_5/eval_dataset_tmp/cm16/train/tumor_087.pt
246,tumor_088,1,tumor,/dataset/data/CLAM_0402/patch_features/ps512/conch_v1_5/eval_dataset_tmp/cm16/train/tumor_088.pt
248,tumor_090,1,tumor,/dataset/data/CLAM_0402/patch_features/ps512/conch_v1_5/eval_dataset_tmp/cm16/train/tumor_090.pt
249,tumor_091,1,tumor,/dataset/data/CLAM_0402/patch_features/ps512/conch_v1_5/eval_dataset_tmp/cm16/train/tumor_091.pt
250,tumor_092,1,tumor,/dataset/data/CLAM_0402/patch_features/ps512/conch_v1_5/eval_dataset_tmp/cm16/train/tumor_092.pt
251,tumor_093,1,tumor,/dataset/data/CLAM_0402/patch_features/ps512/conch_v1_5/eval_dataset_tmp/cm16/train/tumor_093.pt
254,tumor_096,1,tumor,/dataset/data/CLAM_0402/patch_features/ps512/conch_v1_5/eval_dataset_tmp/cm16/train/tumor_096.pt
255,tumor_097,1,tumor,/dataset/data/CLAM_0402/patch_features/ps512/conch_v1_5/eval_dataset_tmp/cm16/train/tumor_097.pt
256,tumor_098,1,tumor,/dataset/data/CLAM_0402/patch_features/ps512/conch_v1_5/eval_dataset_tmp/cm16/train/tumor_098.pt
257,tumor_099,1,tumor,/dataset/data/CLAM_0402/patch_features/ps512/conch_v1_5/eval_dataset_tmp/cm16/train/tumor_099.pt
258,tumor_100,1,tumor,/dataset/data/CLAM_0402/patch_features/ps512/conch_v1_5/eval_dataset_tmp/cm16/train/tumor_100.pt
260,tumor_102,1,tumor,/dataset/data/CLAM_0402/patch_features/ps512/conch_v1_5/eval_dataset_tmp/cm16/train/tumor_102.pt
261,tumor_103,1,tumor,/dataset/data/CLAM_0402/patch_features/ps512/conch_v1_5/eval_dataset_tmp/cm16/train/tumor_103.pt
264,tumor_106,1,tumor,/dataset/data/CLAM_0402/patch_features/ps512/conch_v1_5/eval_dataset_tmp/cm16/train/tumor_106.pt
267,tumor_109,1,tumor,/dataset/data/CLAM_0402/patch_features/ps512/conch_v1_5/eval_dataset_tmp/cm16/train/tumor_109.pt
268,tumor_110,1,tumor,/dataset/data/CLAM_0402/patch_features/ps512/conch_v1_5/eval_dataset_tmp/cm16/train/tumor_110.pt
269,tumor_111,1,tumor,/dataset/data/CLAM_0402/patch_features/ps512/conch_v1_5/eval_dataset_tmp/cm16/train/tumor_111.pt
270,test_001,1,tumor,/dataset/data/CLAM_0402/patch_features/ps512/conch_v1_5/eval_dataset_tmp/cm16/test/test_001.pt
271,test_002,1,tumor,/dataset/data/CLAM_0402/patch_features/ps512/conch_v1_5/eval_dataset_tmp/cm16/test/test_002.pt
272,test_003,0,normal,/dataset/data/CLAM_0402/patch_features/ps512/conch_v1_5/eval_dataset_tmp/cm16/test/test_003.pt
273,test_004,1,tumor,/dataset/data/CLAM_0402/patch_features/ps512/conch_v1_5/eval_dataset_tmp/cm16/test/test_004.pt
274,test_005,0,normal,/dataset/data/CLAM_0402/patch_features/ps512/conch_v1_5/eval_dataset_tmp/cm16/test/test_005.pt
276,test_007,0,normal,/dataset/data/CLAM_0402/patch_features/ps512/conch_v1_5/eval_dataset_tmp/cm16/test/test_007.pt
277,test_008,1,tumor,/dataset/data/CLAM_0402/patch_features/ps512/conch_v1_5/eval_dataset_tmp/cm16/test/test_008.pt
278,test_009,0,normal,/dataset/data/CLAM_0402/patch_features/ps512/conch_v1_5/eval_dataset_tmp/cm16/test/test_009.pt
279,test_010,1,tumor,/dataset/data/CLAM_0402/patch_features/ps512/conch_v1_5/eval_dataset_tmp/cm16/test/test_010.pt
280,test_011,1,tumor,/dataset/data/CLAM_0402/patch_features/ps512/conch_v1_5/eval_dataset_tmp/cm16/test/test_011.pt
281,test_012,0,normal,/dataset/data/CLAM_0402/patch_features/ps512/conch_v1_5/eval_dataset_tmp/cm16/test/test_012.pt
282,test_013,1,tumor,/dataset/data/CLAM_0402/patch_features/ps512/conch_v1_5/eval_dataset_tmp/cm16/test/test_013.pt
283,test_014,0,normal,/dataset/data/CLAM_0402/patch_features/ps512/conch_v1_5/eval_dataset_tmp/cm16/test/test_014.pt
284,test_015,0,normal,/dataset/data/CLAM_0402/patch_features/ps512/conch_v1_5/eval_dataset_tmp/cm16/test/test_015.pt
285,test_016,1,tumor,/dataset/data/CLAM_0402/patch_features/ps512/conch_v1_5/eval_dataset_tmp/cm16/test/test_016.pt
286,test_017,0,normal,/dataset/data/CLAM_0402/patch_features/ps512/conch_v1_5/eval_dataset_tmp/cm16/test/test_017.pt
287,test_018,0,normal,/dataset/data/CLAM_0402/patch_features/ps512/conch_v1_5/eval_dataset_tmp/cm16/test/test_018.pt
288,test_019,0,normal,/dataset/data/CLAM_0402/patch_features/ps512/conch_v1_5/eval_dataset_tmp/cm16/test/test_019.pt
289,test_020,0,normal,/dataset/data/CLAM_0402/patch_features/ps512/conch_v1_5/eval_dataset_tmp/cm16/test/test_020.pt
290,test_021,1,tumor,/dataset/data/CLAM_0402/patch_features/ps512/conch_v1_5/eval_dataset_tmp/cm16/test/test_021.pt
293,test_024,0,normal,/dataset/data/CLAM_0402/patch_features/ps512/conch_v1_5/eval_dataset_tmp/cm16/test/test_024.pt
294,test_025,0,normal,/dataset/data/CLAM_0402/patch_features/ps512/conch_v1_5/eval_dataset_tmp/cm16/test/test_025.pt
296,test_027,1,tumor,/dataset/data/CLAM_0402/patch_features/ps512/conch_v1_5/eval_dataset_tmp/cm16/test/test_027.pt
297,test_028,0,normal,/dataset/data/CLAM_0402/patch_features/ps512/conch_v1_5/eval_dataset_tmp/cm16/test/test_028.pt
299,test_030,1,tumor,/dataset/data/CLAM_0402/patch_features/ps512/conch_v1_5/eval_dataset_tmp/cm16/test/test_030.pt
300,test_031,0,normal,/dataset/data/CLAM_0402/patch_features/ps512/conch_v1_5/eval_dataset_tmp/cm16/test/test_031.pt
301,test_032,0,normal,/dataset/data/CLAM_0402/patch_features/ps512/conch_v1_5/eval_dataset_tmp/cm16/test/test_032.pt
302,test_033,1,tumor,/dataset/data/CLAM_0402/patch_features/ps512/conch_v1_5/eval_dataset_tmp/cm16/test/test_033.pt
303,test_034,0,normal,/dataset/data/CLAM_0402/patch_features/ps512/conch_v1_5/eval_dataset_tmp/cm16/test/test_034.pt
304,test_035,0,normal,/dataset/data/CLAM_0402/patch_features/ps512/conch_v1_5/eval_dataset_tmp/cm16/test/test_035.pt
307,test_038,1,tumor,/dataset/data/CLAM_0402/patch_features/ps512/conch_v1_5/eval_dataset_tmp/cm16/test/test_038.pt
308,test_039,0,normal,/dataset/data/CLAM_0402/patch_features/ps512/conch_v1_5/eval_dataset_tmp/cm16/test/test_039.pt
309,test_040,1,tumor,/dataset/data/CLAM_0402/patch_features/ps512/conch_v1_5/eval_dataset_tmp/cm16/test/test_040.pt
310,test_041,0,normal,/dataset/data/CLAM_0402/patch_features/ps512/conch_v1_5/eval_dataset_tmp/cm16/test/test_041.pt
311,test_042,0,normal,/dataset/data/CLAM_0402/patch_features/ps512/conch_v1_5/eval_dataset_tmp/cm16/test/test_042.pt
313,test_044,0,normal,/dataset/data/CLAM_0402/patch_features/ps512/conch_v1_5/eval_dataset_tmp/cm16/test/test_044.pt
314,test_045,0,normal,/dataset/data/CLAM_0402/patch_features/ps512/conch_v1_5/eval_dataset_tmp/cm16/test/test_045.pt
315,test_046,1,tumor,/dataset/data/CLAM_0402/patch_features/ps512/conch_v1_5/eval_dataset_tmp/cm16/test/test_046.pt
316,test_047,0,normal,/dataset/data/CLAM_0402/patch_features/ps512/conch_v1_5/eval_dataset_tmp/cm16/test/test_047.pt
317,test_048,1,tumor,/dataset/data/CLAM_0402/patch_features/ps512/conch_v1_5/eval_dataset_tmp/cm16/test/test_048.pt
318,test_050,0,normal,/dataset/data/CLAM_0402/patch_features/ps512/conch_v1_5/eval_dataset_tmp/cm16/test/test_050.pt
319,test_051,1,tumor,/dataset/data/CLAM_0402/patch_features/ps512/conch_v1_5/eval_dataset_tmp/cm16/test/test_051.pt
320,test_052,1,tumor,/dataset/data/CLAM_0402/patch_features/ps512/conch_v1_5/eval_dataset_tmp/cm16/test/test_052.pt
321,test_053,0,normal,/dataset/data/CLAM_0402/patch_features/ps512/conch_v1_5/eval_dataset_tmp/cm16/test/test_053.pt
322,test_054,0,normal,/dataset/data/CLAM_0402/patch_features/ps512/conch_v1_5/eval_dataset_tmp/cm16/test/test_054.pt
323,test_055,0,normal,/dataset/data/CLAM_0402/patch_features/ps512/conch_v1_5/eval_dataset_tmp/cm16/test/test_055.pt
324,test_056,0,normal,/dataset/data/CLAM_0402/patch_features/ps512/conch_v1_5/eval_dataset_tmp/cm16/test/test_056.pt
325,test_057,0,normal,/dataset/data/CLAM_0402/patch_features/ps512/conch_v1_5/eval_dataset_tmp/cm16/test/test_057.pt
326,test_058,0,normal,/dataset/data/CLAM_0402/patch_features/ps512/conch_v1_5/eval_dataset_tmp/cm16/test/test_058.pt
327,test_059,0,normal,/dataset/data/CLAM_0402/patch_features/ps512/conch_v1_5/eval_dataset_tmp/cm16/test/test_059.pt
328,test_060,0,normal,/dataset/data/CLAM_0402/patch_features/ps512/conch_v1_5/eval_dataset_tmp/cm16/test/test_060.pt
329,test_061,1,tumor,/dataset/data/CLAM_0402/patch_features/ps512/conch_v1_5/eval_dataset_tmp/cm16/test/test_061.pt
330,test_062,0,normal,/dataset/data/CLAM_0402/patch_features/ps512/conch_v1_5/eval_dataset_tmp/cm16/test/test_062.pt
331,test_063,0,normal,/dataset/data/CLAM_0402/patch_features/ps512/conch_v1_5/eval_dataset_tmp/cm16/test/test_063.pt
332,test_064,1,tumor,/dataset/data/CLAM_0402/patch_features/ps512/conch_v1_5/eval_dataset_tmp/cm16/test/test_064.pt
333,test_065,1,tumor,/dataset/data/CLAM_0402/patch_features/ps512/conch_v1_5/eval_dataset_tmp/cm16/test/test_065.pt
334,test_066,1,tumor,/dataset/data/CLAM_0402/patch_features/ps512/conch_v1_5/eval_dataset_tmp/cm16/test/test_066.pt
335,test_067,0,normal,/dataset/data/CLAM_0402/patch_features/ps512/conch_v1_5/eval_dataset_tmp/cm16/test/test_067.pt
336,test_068,1,tumor,/dataset/data/CLAM_0402/patch_features/ps512/conch_v1_5/eval_dataset_tmp/cm16/test/test_068.pt
337,test_069,1,tumor,/dataset/data/CLAM_0402/patch_features/ps512/conch_v1_5/eval_dataset_tmp/cm16/test/test_069.pt
338,test_070,0,normal,/dataset/data/CLAM_0402/patch_features/ps512/conch_v1_5/eval_dataset_tmp/cm16/test/test_070.pt
339,test_071,1,tumor,/dataset/data/CLAM_0402/patch_features/ps512/conch_v1_5/eval_dataset_tmp/cm16/test/test_071.pt
340,test_072,0,normal,/dataset/data/CLAM_0402/patch_features/ps512/conch_v1_5/eval_dataset_tmp/cm16/test/test_072.pt
342,test_074,1,tumor,/dataset/data/CLAM_0402/patch_features/ps512/conch_v1_5/eval_dataset_tmp/cm16/test/test_074.pt
343,test_075,1,tumor,/dataset/data/CLAM_0402/patch_features/ps512/conch_v1_5/eval_dataset_tmp/cm16/test/test_075.pt
344,test_076,0,normal,/dataset/data/CLAM_0402/patch_features/ps512/conch_v1_5/eval_dataset_tmp/cm16/test/test_076.pt
345,test_077,0,normal,/dataset/data/CLAM_0402/patch_features/ps512/conch_v1_5/eval_dataset_tmp/cm16/test/test_077.pt
346,test_078,0,normal,/dataset/data/CLAM_0402/patch_features/ps512/conch_v1_5/eval_dataset_tmp/cm16/test/test_078.pt
347,test_079,1,tumor,/dataset/data/CLAM_0402/patch_features/ps512/conch_v1_5/eval_dataset_tmp/cm16/test/test_079.pt
349,test_081,0,normal,/dataset/data/CLAM_0402/patch_features/ps512/conch_v1_5/eval_dataset_tmp/cm16/test/test_081.pt
350,test_082,1,tumor,/dataset/data/CLAM_0402/patch_features/ps512/conch_v1_5/eval_dataset_tmp/cm16/test/test_082.pt
351,test_083,0,normal,/dataset/data/CLAM_0402/patch_features/ps512/conch_v1_5/eval_dataset_tmp/cm16/test/test_083.pt
353,test_085,0,normal,/dataset/data/CLAM_0402/patch_features/ps512/conch_v1_5/eval_dataset_tmp/cm16/test/test_085.pt
354,test_086,0,normal,/dataset/data/CLAM_0402/patch_features/ps512/conch_v1_5/eval_dataset_tmp/cm16/test/test_086.pt
355,test_087,0,normal,/dataset/data/CLAM_0402/patch_features/ps512/conch_v1_5/eval_dataset_tmp/cm16/test/test_087.pt
356,test_088,0,normal,/dataset/data/CLAM_0402/patch_features/ps512/conch_v1_5/eval_dataset_tmp/cm16/test/test_088.pt
357,test_089,0,normal,/dataset/data/CLAM_0402/patch_features/ps512/conch_v1_5/eval_dataset_tmp/cm16/test/test_089.pt
358,test_090,1,tumor,/dataset/data/CLAM_0402/patch_features/ps512/conch_v1_5/eval_dataset_tmp/cm16/test/test_090.pt
360,test_092,1,tumor,/dataset/data/CLAM_0402/patch_features/ps512/conch_v1_5/eval_dataset_tmp/cm16/test/test_092.pt
361,test_093,0,normal,/dataset/data/CLAM_0402/patch_features/ps512/conch_v1_5/eval_dataset_tmp/cm16/test/test_093.pt
362,test_094,1,tumor,/dataset/data/CLAM_0402/patch_features/ps512/conch_v1_5/eval_dataset_tmp/cm16/test/test_094.pt
363,test_095,0,normal,/dataset/data/CLAM_0402/patch_features/ps512/conch_v1_5/eval_dataset_tmp/cm16/test/test_095.pt
365,test_097,1,tumor,/dataset/data/CLAM_0402/patch_features/ps512/conch_v1_5/eval_dataset_tmp/cm16/test/test_097.pt
366,test_098,0,normal,/dataset/data/CLAM_0402/patch_features/ps512/conch_v1_5/eval_dataset_tmp/cm16/test/test_098.pt
367,test_099,1,tumor,/dataset/data/CLAM_0402/patch_features/ps512/conch_v1_5/eval_dataset_tmp/cm16/test/test_099.pt
368,test_100,0,normal,/dataset/data/CLAM_0402/patch_features/ps512/conch_v1_5/eval_dataset_tmp/cm16/test/test_100.pt
369,test_101,0,normal,/dataset/data/CLAM_0402/patch_features/ps512/conch_v1_5/eval_dataset_tmp/cm16/test/test_101.pt
371,test_103,0,normal,/dataset/data/CLAM_0402/patch_features/ps512/conch_v1_5/eval_dataset_tmp/cm16/test/test_103.pt
372,test_104,1,tumor,/dataset/data/CLAM_0402/patch_features/ps512/conch_v1_5/eval_dataset_tmp/cm16/test/test_104.pt
373,test_105,1,tumor,/dataset/data/CLAM_0402/patch_features/ps512/conch_v1_5/eval_dataset_tmp/cm16/test/test_105.pt
374,test_106,0,normal,/dataset/data/CLAM_0402/patch_features/ps512/conch_v1_5/eval_dataset_tmp/cm16/test/test_106.pt
375,test_107,0,normal,/dataset/data/CLAM_0402/patch_features/ps512/conch_v1_5/eval_dataset_tmp/cm16/test/test_107.pt
376,test_108,1,tumor,/dataset/data/CLAM_0402/patch_features/ps512/conch_v1_5/eval_dataset_tmp/cm16/test/test_108.pt
377,test_109,0,normal,/dataset/data/CLAM_0402/patch_features/ps512/conch_v1_5/eval_dataset_tmp/cm16/test/test_109.pt
379,test_111,0,normal,/dataset/data/CLAM_0402/patch_features/ps512/conch_v1_5/eval_dataset_tmp/cm16/test/test_111.pt
380,test_112,0,normal,/dataset/data/CLAM_0402/patch_features/ps512/conch_v1_5/eval_dataset_tmp/cm16/test/test_112.pt
381,test_113,1,tumor,/dataset/data/CLAM_0402/patch_features/ps512/conch_v1_5/eval_dataset_tmp/cm16/test/test_113.pt
382,test_114,0,normal,/dataset/data/CLAM_0402/patch_features/ps512/conch_v1_5/eval_dataset_tmp/cm16/test/test_114.pt
383,test_115,0,normal,/dataset/data/CLAM_0402/patch_features/ps512/conch_v1_5/eval_dataset_tmp/cm16/test/test_115.pt
384,test_116,1,tumor,/dataset/data/CLAM_0402/patch_features/ps512/conch_v1_5/eval_dataset_tmp/cm16/test/test_116.pt
385,test_117,1,tumor,/dataset/data/CLAM_0402/patch_features/ps512/conch_v1_5/eval_dataset_tmp/cm16/test/test_117.pt
386,test_118,0,normal,/dataset/data/CLAM_0402/patch_features/ps512/conch_v1_5/eval_dataset_tmp/cm16/test/test_118.pt
387,test_119,0,normal,/dataset/data/CLAM_0402/patch_features/ps512/conch_v1_5/eval_dataset_tmp/cm16/test/test_119.pt
388,test_120,0,normal,/dataset/data/CLAM_0402/patch_features/ps512/conch_v1_5/eval_dataset_tmp/cm16/test/test_120.pt
389,test_121,1,tumor,/dataset/data/CLAM_0402/patch_features/ps512/conch_v1_5/eval_dataset_tmp/cm16/test/test_121.pt
390,test_122,1,tumor,/dataset/data/CLAM_0402/patch_features/ps512/conch_v1_5/eval_dataset_tmp/cm16/test/test_122.pt
392,test_124,0,normal,/dataset/data/CLAM_0402/patch_features/ps512/conch_v1_5/eval_dataset_tmp/cm16/test/test_124.pt
393,test_125,0,normal,/dataset/data/CLAM_0402/patch_features/ps512/conch_v1_5/eval_dataset_tmp/cm16/test/test_125.pt
394,test_126,0,normal,/dataset/data/CLAM_0402/patch_features/ps512/conch_v1_5/eval_dataset_tmp/cm16/test/test_126.pt
396,test_128,0,normal,/dataset/data/CLAM_0402/patch_features/ps512/conch_v1_5/eval_dataset_tmp/cm16/test/test_128.pt
397,test_129,0,normal,/dataset/data/CLAM_0402/patch_features/ps512/conch_v1_5/eval_dataset_tmp/cm16/test/test_129.pt
398,test_130,0,normal,/dataset/data/CLAM_0402/patch_features/ps512/conch_v1_5/eval_dataset_tmp/cm16/test/test_130.pt
